repo_name,pac_tool,iac_tool
AErmie/DevSecOps,azure,Bicep
AErmie/DevSecOps,azure,Azure RM
AErmie/DevSecOps,azure,Terraform
AlexRogalskiy/android-patterns,opa,Kubernetes
AlexRogalskiy/charts,opa,Kubernetes
AlexRogalskiy/javascript-patterns,opa,Kubernetes
AlexRogalskiy/kotlin-patterns,opa,Kubernetes
AlexRogalskiy/proverbs,opa,Kubernetes
AlexRogalskiy/quotes,opa,Kubernetes
AlexRogalskiy/scala-patterns,opa,Kubernetes
AlexRogalskiy/screenshots,opa,Kubernetes
AlexRogalskiy/spark-patterns,opa,Kubernetes
AlexRogalskiy/wotd,opa,Kubernetes
Azure/ALZ-Bicep,azure,Bicep
Azure/ALZ-Bicep,azure,Kubernetes
Azure/ALZ-Bicep,azure,Azure RM
Azure/ARO-RP,opa,Kubernetes
Azure/ARO-RP,gatekeeper,Kubernetes
Azure/Azure-Landing-Zones-Library,azure,Azure RM
Azure/Azure-Network-Security,azure,Terraform
Azure/Azure-Network-Security,azure,Bicep
Azure/Azure-Network-Security,azure,Azure RM
Azure/AzureDefender-K8S-InClusterDefense,azure,Kubernetes
Azure/AzureDefender-K8S-InClusterDefense,azure,Azure RM
Azure/AzureDefender-K8S-InClusterDefense,opa,Kubernetes
Azure/AzureDefender-K8S-InClusterDefense,opa,Azure RM
Azure/AzureDefender-K8S-InClusterDefense,gatekeeper,Kubernetes
Azure/AzureDefender-K8S-InClusterDefense,gatekeeper,Azure RM
Azure/AzureMonitorStarterPacks,azure,Bicep
Azure/AzureMonitorStarterPacks,azure,Azure RM
Azure/CanadaPubSecALZ,azure,Bicep
Azure/CanadaPubSecALZ,azure,Azure RM
Azure/Community-Policy,azure,Azure RM
Azure/Community-Policy,azure,Kubernetes
Azure/Community-Policy,opa,Azure RM
Azure/Community-Policy,opa,Kubernetes
Azure/Community-Policy,gatekeeper,Azure RM
Azure/Community-Policy,gatekeeper,Kubernetes
Azure/Enterprise-Scale,azure,Azure RM
Azure/Enterprise-Scale,azure,Bicep
Azure/Microsoft-Defender-for-Cloud,azure,Cloudformation
Azure/Microsoft-Defender-for-Cloud,azure,Azure RM
Azure/Microsoft-Defender-for-Cloud,azure,Kubernetes
Azure/Microsoft-Defender-for-Cloud,azure,Terraform
Azure/ShieldGuard,opa,Kubernetes
Azure/aca-landing-zone-accelerator,azure,Azure RM
Azure/aca-landing-zone-accelerator,azure,Bicep
Azure/aca-landing-zone-accelerator,azure,Terraform
Azure/ai-hub,azure,Azure RM
Azure/ai-hub,azure,Terraform
Azure/aks-app-routing-operator,gatekeeper,Kubernetes
Azure/aks-app-routing-operator,gatekeeper,Terraform
Azure/avdaccelerator,azure,Bicep
Azure/avdaccelerator,azure,Azure RM
Azure/avdaccelerator,azure,Terraform
Azure/avdaccelerator,azure,Packer
Azure/azure-blueprints,azure,Azure RM
Azure/azure-monitor-baseline-alerts,azure,Azure RM
Azure/azure-monitor-baseline-alerts,azure,Bicep
Azure/azure-policy,azure,Azure RM
Azure/azure-policy,azure,Kubernetes
Azure/azure-policy,opa,Azure RM
Azure/azure-policy,opa,Kubernetes
Azure/azure-policy,gatekeeper,Azure RM
Azure/azure-policy,gatekeeper,Kubernetes
Azure/azure-powershell,azure,Kubernetes
Azure/azure-powershell,azure,Azure RM
Azure/azure-powershell,azure,Bicep
Azure/bicep,azure,Bicep
Azure/bicep,azure,Azure RM
Azure/bicep,azure,Kubernetes
Azure/bicep-registry-modules,azure,Bicep
Azure/bicep-registry-modules,azure,Azure RM
Azure/bicep-registry-modules,azure,Kubernetes
Azure/draft,gatekeeper,Kubernetes
Azure/enterprise-azure-policy-as-code,azure,Azure RM
Azure/terraform-azurerm-caf-enterprise-scale,azure,Terraform
Azure/terraform-azurerm-caf-enterprise-scale,azure,Azure RM
BeryJu/k8s,kyverno,Kubernetes
BigKAA/youtube,kyverno,Kubernetes
BigKAA/youtube,kyverno,Ansible
BigKAA/youtube,kyverno,Vagrant
BrunoReboul/terraform-google-realtime-asset-monitor,opa,Terraform
Checkmarx/kics,opa,Ansible
Checkmarx/kics,opa,Bicep
Checkmarx/kics,opa,Cloudformation
Checkmarx/kics,opa,Kubernetes
Checkmarx/kics,opa,Terraform
Checkmarx/kics,opa,Pulumi
CiscoDevNet/sdwan-devops,opa,Ansible
CloudNativeGBB/cluster-baseline,opa,Kubernetes
CloudNativeGBB/cluster-baseline,opa,Terraform
Cray-HPE/cray-opa-gatekeeper,opa,Kubernetes
Cray-HPE/cray-opa-gatekeeper,gatekeeper,Kubernetes
DaoCloud/dce-charts-repackage,opa,Kubernetes
Devopsmcpatral/Devops,hashicorp-sentinel,Kubernetes
Devopsmcpatral/Devops,hashicorp-sentinel,Packer
Devopsmcpatral/Devops,hashicorp-sentinel,Ansible
Devopsmcpatral/Devops,hashicorp-sentinel,Terraform
DiamondLightSource/authz,opa,Kubernetes
DiamondLightSource/workflows,kyverno,Kubernetes
DoD-Platform-One/Gatekeeper,gatekeeper,Kubernetes
DoD-Platform-One/Kyverno-Policies,kyverno,Kubernetes
DoD-Platform-One/gitlab-runner,kyverno,Kubernetes
EnterpriseDB/edb-terraform,cloud-custodian,Terraform
FairwindsOps/charts,opa,Kubernetes
FalkWinkler/k3s-gitops,kyverno,Ansible
FalkWinkler/k3s-gitops,kyverno,Kubernetes
FalkWinkler/k3s-gitops,kyverno,Terraform
FlorisFeddema/homelab,kyverno,Bicep
FlorisFeddema/homelab,kyverno,Kubernetes
GSA/grace-cloudcustodian,cloud-custodian,Terraform
Geeks-Academy/terraform,hashicorp-sentinel,Terraform
GersonRS/modern-gitops-stack-module-metallb,opa,Kubernetes
GersonRS/modern-gitops-stack-module-metallb,opa,Terraform
GoogleCloudPlatform/anthos-appconfig,gatekeeper,Kubernetes
GoogleCloudPlatform/anthos-appconfig,gatekeeper,Terraform
GoogleCloudPlatform/blueprints,gatekeeper,Kubernetes
GoogleCloudPlatform/cloud-foundation-toolkit,opa,Kubernetes
GoogleCloudPlatform/cloud-foundation-toolkit,opa,Terraform
GoogleCloudPlatform/cloud-foundation-toolkit,gatekeeper,Kubernetes
GoogleCloudPlatform/cloud-foundation-toolkit,gatekeeper,Terraform
GoogleCloudPlatform/federated-learning,gatekeeper,Kubernetes
GoogleCloudPlatform/federated-learning,gatekeeper,Terraform
GoogleCloudPlatform/gcp-getting-started-lab-jp,gatekeeper,Kubernetes
GoogleCloudPlatform/gcp-getting-started-lab-jp,gatekeeper,Terraform
GoogleCloudPlatform/gke-policy-library,gatekeeper,Kubernetes
GoogleCloudPlatform/notebooks-blueprint-security,gatekeeper,Terraform
GoogleCloudPlatform/notebooks-blueprint-security,gatekeeper,Kubernetes
GoogleCloudPlatform/policy-library,opa,Kubernetes
GoogleCloudPlatform/policy-library,gatekeeper,Kubernetes
GoogleCloudPlatform/professional-services,opa,Terraform
GoogleCloudPlatform/professional-services,opa,Kubernetes
GoogleCloudPlatform/professional-services,opa,Ansible
GoogleCloudPlatform/professional-services,opa,Cloudformation
GoogleCloudPlatform/professional-services,gatekeeper,Terraform
GoogleCloudPlatform/professional-services,gatekeeper,Kubernetes
GoogleCloudPlatform/professional-services,gatekeeper,Ansible
GoogleCloudPlatform/professional-services,gatekeeper,Cloudformation
GoogleCloudPlatform/pubsec-declarative-toolkit,gatekeeper,Kubernetes
GoogleCloudPlatform/solution-acceleration-toolkit,gatekeeper,Kubernetes
GoogleCloudPlatform/solution-acceleration-toolkit,gatekeeper,Terraform
GoogleCloudPlatform/terraform-google-enterprise-genai,gatekeeper,Terraform
GoogleCloudPlatform/terraform-google-enterprise-genai,gatekeeper,Kubernetes
GoogleCloudPlatform/terraform-google-secured-data-warehouse,gatekeeper,Terraform
GoogleCloudPlatform/terraform-google-secured-data-warehouse,gatekeeper,Kubernetes
HC-IPPM/devsecops-platform,kyverno,Kubernetes
HC-IPPM/safe-inputs,kyverno,Kubernetes
HoussemDellai/ProductsStoreOnKubernetes,gatekeeper,Ansible
HoussemDellai/ProductsStoreOnKubernetes,gatekeeper,Kubernetes
HoussemDellai/ProductsStoreOnKubernetes,gatekeeper,Terraform
HummerRisk/HummerRisk,azure,Kubernetes
JJGadgets/Biohazard,kyverno,Kubernetes
JamesWoolfenden/terraform-aws-activemq,checkov,Terraform
JamesWoolfenden/terraform-aws-cloudfront-s3,checkov,Terraform
JamesWoolfenden/terraform-aws-dax,checkov,Terraform
JamesWoolfenden/terraform-aws-ecr,checkov,Terraform
JamesWoolfenden/terraform-aws-s3,checkov,Terraform
JamesWoolfenden/terraform-gcp-storage,checkov,Terraform
Jdavid77/home-cluster,kyverno,Kubernetes
Jdavid77/home-cluster,kyverno,Terraform
MicroAgeServicesOrg/Azure-Lighthouse-deploymentAutomation,azure,Azure RM
MicroAgeServicesOrg/Azure-Lighthouse-deploymentAutomation,azure,Bicep
NL-AMS-LOCGOV/zaakafhandelcomponent,opa,Kubernetes
NightProgrammers/devops-research,kyverno,Kubernetes
Nordix/metal3-clusterapi-docs,kyverno,Kubernetes
Nordix/metal3-clusterapi-docs,kyverno,Vagrant
Nordix/metal3-clusterapi-docs,kyverno,Ansible
NorskHelsenett/ror,kyverno,Kubernetes
NovaMachina/home-ops,kyverno,Kubernetes
NovaMachina/home-ops,kyverno,Terraform
Obmondo/kubeaid,opa,Kubernetes
Obmondo/kubeaid,opa,Terraform
OpenMPDK/dss-minio,opa,Kubernetes
OpenMPDK/dss-minio,opa,Vagrant
Orange-OpenSource/optisam-backend,opa,Kubernetes
PacktPublishing/Kubernetes---An-Enterprise-Guide-2E,opa,Kubernetes
PacktPublishing/Kubernetes---An-Enterprise-Guide-2E,gatekeeper,Kubernetes
PacktPublishing/Kubernetes-An-Enterprise-Guide-Third-Edition,opa,Kubernetes
PacktPublishing/Kubernetes-An-Enterprise-Guide-Third-Edition,gatekeeper,Kubernetes
PacktPublishing/Kubernetes-and-Docker-The-Complete-Guide,opa,Kubernetes
PacktPublishing/Kubernetes-and-Docker-The-Complete-Guide,gatekeeper,Kubernetes
Parsifal-M/backstage-opa-plugins,opa,Kubernetes
PipelineAI/pipeline,gatekeeper,Kubernetes
RWejlgaard/pez-k8s,kyverno,Kubernetes
RafaySystems/getstarted,gatekeeper,Kubernetes
RafaySystems/getstarted,gatekeeper,Terraform
SAP/InfraBox,opa,Kubernetes
SecureHats/SecureHacks,azure,Bicep
SecureHats/SecureHacks,azure,Azure RM
Snowflake-Labs/sansshell,opa,Ansible
SocialGouv/infra-apps,kyverno,Kubernetes
StatCan/gatekeeper-policies,opa,Kubernetes
StatCan/gatekeeper-policies,gatekeeper,Kubernetes
Sud1691/azure_repo,azure,Terraform
Sunbird-Lern/userorg-service,opa,Kubernetes
TkPegatron/homelab-k8sflux,kyverno,Kubernetes
TkPegatron/homelab-k8sflux,kyverno,Ansible
TorStava/k3s-flux-homelab,kyverno,Kubernetes
TorStava/k3s-flux-homelab,kyverno,Ansible
UNINETTSigma2/helm-charts,opa,Kubernetes
USA-RedDragon/home-cluster-flux,kyverno,Kubernetes
VerticalRelevance/control-broker,opa,AWS CDK
VerticalRelevance/control-broker,opa,Cloudformation
Vikaspogu/openshift-multicluster,kyverno,Kubernetes
ViktorUJ/cks,gatekeeper,Kubernetes
ViktorUJ/cks,gatekeeper,Terraform
WorkshopOrgTest/tailspin-spacegame,azure,Kubernetes
XenitAB/gatekeeper-library,opa,Kubernetes
XenitAB/gatekeeper-library,gatekeeper,Kubernetes
XgridInc/xc3,cloud-custodian,Terraform
YunosukeY/policy-for-pss,opa,Kubernetes
YunosukeY/policy-for-pss,gatekeeper,Kubernetes
YvosOnTheHub/LabNetApp,kyverno,Kubernetes
YvosOnTheHub/LabNetApp,kyverno,Ansible
a1994sc/helm,kyverno,Kubernetes
abuxton/tfx-vmp,hashicorp-sentinel,Terraform
adhar-io/adhar,kyverno,Kubernetes
adhar-io/adhar,kyverno,Terraform
alibaba/SREWorks,kyverno,Kubernetes
andrewkrug/securing-the-cloud-supplemental,cloud-custodian,Cloudformation
andrewkrug/securing-the-cloud-supplemental,cloud-custodian,AWS CDK
andrewkrug/securing-the-cloud-supplemental,cloud-custodian,Terraform
anokfireball/homelab-as-code,kyverno,Ansible
anokfireball/homelab-as-code,kyverno,Kubernetes
ansible/ansible-policy,opa,Ansible
anza-labs/manifests,kyverno,Kubernetes
apheon-terra/01_k3s_ops,kyverno,Kubernetes
apheon-terra/01_k3s_ops,kyverno,Ansible
apheon-terra/01_k3s_ops,kyverno,Terraform
aquasecurity/postee,opa,Kubernetes
aquasecurity/starboard,opa,Kubernetes
ardanlabs/liarsdice,opa,Kubernetes
armory/se-spinnaker-config,opa,Kubernetes
armory/se-spinnaker-config,opa,Terraform
artazar/flux2-general,kyverno,Kubernetes
artifacthub/hub,kyverno,Kubernetes
artifacthub/hub,gatekeeper,Kubernetes
askmeegs/build-a-platform-with-krm,gatekeeper,Terraform
askmeegs/build-a-platform-with-krm,gatekeeper,Kubernetes
atea/tc24-infraops,azure,Terraform
auricom/home-ops,kyverno,Kubernetes
auricom/home-ops,kyverno,Ansible
aws-cloudformation/cloudformation-guard,cloudformation-guard,Cloudformation
aws-cloudformation/community-registry-extensions,cloudformation-guard,Cloudformation
aws-cloudformation/community-registry-extensions,cloudformation-guard,AWS CDK
aws-cloudformation/rain,cloudformation-guard,Cloudformation
aws-ia/terraform-aws-eks-blueprints,kyverno,Terraform
aws-ia/terraform-aws-eks-blueprints,kyverno,Kubernetes
aws/aws-cdk,cloudformation-guard,Cloudformation
aws/aws-cdk,cloudformation-guard,Kubernetes
aws/aws-eks-best-practices,kyverno,Kubernetes
aws/aws-eks-best-practices,gatekeeper,Kubernetes
awslabs/idf-modules,kyverno,Cloudformation
awslabs/idf-modules,kyverno,Kubernetes
axeII/home-ops,kyverno,Kubernetes
azsk/AzTS-docs,azure,Bicep
azurenoops/ref-scca-enclave-policy-starter,azure,Terraform
azurenoops/terraform-azurerm-overlays-policy,azure,Terraform
azurenoops/terraform-azurerm-overlays-policy,azure,Azure RM
bacalhau-project/bacalhau,opa,Terraform
bacalhau-project/bacalhau,opa,Packer
back-stack/showcase,kyverno,Kubernetes
bestchains/installer,kyverno,Kubernetes
binxio/aws-cfn-update,cloudformation-guard,Cloudformation
blaqvikin/Powershell-In-The-Making,azure,Bicep
boostsecurityio/poutine,opa,Kubernetes
boxp/arch,opa,Terraform
bradmccoydev/tfval,opa,Terraform
bridgecrewio/checkov,checkov,Kubernetes
bridgecrewio/checkov,checkov,Terraform
bridgecrewio/checkov,checkov,Ansible
bridgecrewio/checkov,checkov,Azure RM
bridgecrewio/checkov,checkov,Bicep
bridgecrewio/checkov,checkov,Cloudformation
brunostjohn/homelab,kyverno,Ansible
brunostjohn/homelab,kyverno,Kubernetes
brunostjohn/homelab,kyverno,Terraform
budimanjojo/home-cluster,kyverno,Kubernetes
buvis/clusters,kyverno,Terraform
buvis/clusters,kyverno,Kubernetes
c0c0n3/kitt4sme,opa,Kubernetes
c0c0n3/kitt4sme.live,opa,Kubernetes
c0c0n3/kitt4sme.live,opa,Vagrant
c0c0n3/teadal.proto,opa,Kubernetes
carbonetes/brainiac,opa,Kubernetes
carbonetes/brainiac,opa,Terraform
cbc02009/k8s-home-ops,kyverno,Kubernetes
cbc02009/k8s-home-ops,kyverno,Terraform
cds-snc/opa_checks,opa,Terraform
cert-manager/cert-manager,kyverno,Kubernetes
cert-manager/website,gatekeeper,Kubernetes
chaijunkin/home-ops,kyverno,Kubernetes
chaijunkin/home-ops,kyverno,Ansible
chaijunkin/home-ops,kyverno,Terraform
chaitin/veinmind-tools,opa,Kubernetes
chef/automate,opa,Vagrant
chef/automate,opa,Terraform
chen-keinan/mesh-kridik,opa,Vagrant
chen-keinan/mesh-kridik,opa,Kubernetes
chrisns/k8s-opa-boilerplate,opa,Kubernetes
clayrisser/charts,kyverno,Kubernetes
cloudposse/terraform-aws-components,opa,Terraform
cloudposse/terraform-aws-components,opa,Kubernetes
cloudposse/terraform-spacelift-cloud-infrastructure-automation,opa,Terraform
cmacrae/helm-charts,opa,Kubernetes
concourse/ci,opa,Terraform
confidential-containers/trustee,opa,Kubernetes
controlplaneio-fluxcd/d1-fleet,kyverno,Kubernetes
controlplaneio/simulator,kyverno,Ansible
controlplaneio/simulator,kyverno,Kubernetes
controlplaneio/simulator,kyverno,Packer
controlplaneio/simulator,kyverno,Terraform
controlplaneio/threat-modelling-labs,gatekeeper,Kubernetes
courselabs/kubernetes,gatekeeper,Kubernetes
cozystack/cozystack,opa,Kubernetes
crossplane/tbs,gatekeeper,Kubernetes
cvat-ai/cvat,opa,Kubernetes
daluca/cloud,gatekeeper,Kubernetes
daluca/cloud,gatekeeper,Terraform
datreeio/CRDs-catalog,gatekeeper,Kubernetes
debate-map/app,kyverno,Kubernetes
deckhouse/deckhouse,gatekeeper,Terraform
deckhouse/deckhouse,gatekeeper,Kubernetes
defenseunicorns/lula,kyverno,Kubernetes
department-of-veterans-affairs/bip-archetypetest,opa,Kubernetes
deployKF/deployKF,kyverno,Kubernetes
dettanym/prose,opa,Kubernetes
devantler-tech/platform,kyverno,Packer
devantler-tech/platform,kyverno,Kubernetes
devops-adeel/terraform-vault-secrets-kv,hashicorp-sentinel,Terraform
devspace-cloud/devspace-cloud,opa,Kubernetes
dheerajodha/the-mentalist-quiz,opa,Kubernetes
dipankardas011/Learn-Cloud-Native-Tools,kyverno,Kubernetes
dipankardas011/Learn-Cloud-Native-Tools,kyverno,Vagrant
dipankardas011/Learn-Cloud-Native-Tools,kyverno,Ansible
dipankardas011/Learn-Cloud-Native-Tools,kyverno,Terraform
dipankardas011/Learn-Cloud-Native-Tools,kyverno,Cloudformation
dmwm/CMSKubernetes,gatekeeper,Kubernetes
doitintl/kube-no-trouble,opa,Kubernetes
dotfilesh/ops,kyverno,Kubernetes
eclipse-symphony/symphony,gatekeeper,Kubernetes
educates/educates-training-platform,kyverno,Kubernetes
elastic/cloud-on-k8s,kyverno,Kubernetes
elastic/cloudbeat,opa,Cloudformation
elastic/cloudbeat,opa,Kubernetes
elastic/cloudbeat,opa,Azure RM
elastic/cloudbeat,opa,Terraform
elastisys/compliantkubernetes-apps,opa,Kubernetes
elastisys/compliantkubernetes-apps,opa,Ansible
elastisys/compliantkubernetes-apps,gatekeeper,Kubernetes
elastisys/compliantkubernetes-apps,gatekeeper,Ansible
elastisys/compliantkubernetes-kubespray,gatekeeper,Ansible
elastisys/compliantkubernetes-kubespray,gatekeeper,Kubernetes
equinor/radix-platform,gatekeeper,Kubernetes
equinor/radix-platform,gatekeeper,Terraform
ergho/homelab-ops,kyverno,Kubernetes
ergho/homelab-ops,kyverno,Ansible
ergho/homelab-ops,kyverno,Terraform
erkules/dufluxdu,kyverno,Kubernetes
erudinsky/Azure-Bicep-Workshop,azure,Bicep
evry-ace/helm-charts,opa,Kubernetes
external-secrets/external-secrets,kyverno,Kubernetes
external-secrets/external-secrets,kyverno,Terraform
fabianlee/blogcode,kyverno,Ansible
fabianlee/blogcode,kyverno,Vagrant
fabianlee/blogcode,kyverno,Kubernetes
fabianlee/blogcode,kyverno,Salt
fabianlee/blogcode,kyverno,Terraform
fahlke/flux-kind,kyverno,Kubernetes
fingerprintjs/fingerprint-pro-cloudfront-integration,cloudformation-guard,Cloudformation
fybrik/airbyte-module,opa,Kubernetes
fybrik/charts,opa,Kubernetes
fybrik/fybrik,opa,Kubernetes
fybrik/hello-world-read-module,opa,Kubernetes
gepaplexx/gp-helm-chart-development,kyverno,Kubernetes
gettek/terraform-azurerm-policy-as-code,azure,Terraform
gettek/terraform-azurerm-policy-as-code,azure,Azure RM
getupcloud/helm-charts,kyverno,Kubernetes
giantswarm/kyverno-app,kyverno,Kubernetes
giantswarm/kyverno-policies,kyverno,Kubernetes
globalbao/azure-policy-as-code,azure,Bicep
globalbao/azure-policy-as-code,azure,Azure RM
globalbao/azure-policy-as-code,azure,Terraform
gnunn-gitops/cluster-config,kyverno,Kubernetes
google/gke-policy-automation,opa,Kubernetes
google/gke-policy-automation,opa,Terraform
govuk-one-login/authentication-api,checkov,Cloudformation
govuk-one-login/authentication-api,checkov,Terraform
grafana/mimir,opa,Kubernetes
grafana/mimir,opa,Bicep
gucio1200/home-infra,kyverno,Kubernetes
h3mmy/bloopySphere,kyverno,Kubernetes
h3mmy/bloopySphere,kyverno,Terraform
h3mmy/bloopySphere,kyverno,Ansible
haraldkoch/kochhaus-home,kyverno,Kubernetes
haraldkoch/kochhaus-home,kyverno,Ansible
harness/developer-hub,kyverno,Kubernetes
hashicorp-services/enablement-terraform-lab-modules,hashicorp-sentinel,Terraform
hashicorp/nomad-guides,hashicorp-sentinel,Terraform
hashicorp/nomad-guides,hashicorp-sentinel,Vagrant
hashicorp/observability-as-code,hashicorp-sentinel,Terraform
hashicorp/observability-as-code,hashicorp-sentinel,Packer
hashicorp/terraform-guides,hashicorp-sentinel,Terraform
hashicorp/terraform-guides,hashicorp-sentinel,Vagrant
hashicorp/terraform-guides,hashicorp-sentinel,Kubernetes
hatim-khan/abbey-starter-kit-quickstart,opa,Terraform
hmcts/cpp-module-terraform-azurerm-aks-config,gatekeeper,Terraform
hmcts/cpp-module-terraform-azurerm-aks-config,gatekeeper,Kubernetes
hongbo-miao/hongbomiao.com,opa,Ansible
hongbo-miao/hongbomiao.com,opa,Terraform
hongbo-miao/hongbomiao.com,opa,Kubernetes
hongbo-miao/hongbomiao.com,opa,Vagrant
intel/confidential-computing-zoo,opa,Kubernetes
intelops/genval,opa,Kubernetes
intelops/genval,opa,Terraform
intelops/policyhub,opa,Kubernetes
intelops/policyhub,opa,Terraform
ioggstream/python-course,opa,Ansible
ioggstream/python-course,opa,Kubernetes
ishioni/homelab-ops,kyverno,Kubernetes
ismailbay/k8s-dev-stack,kyverno,Kubernetes
ismailbay/k8s-dev-stack,kyverno,Terraform
jaehyeon-kim/kafka-pocs,cloud-custodian,Terraform
jaehyeon-kim/kafka-pocs,cloud-custodian,Kubernetes
jaehyeon-kim/kafka-pocs,cloud-custodian,Cloudformation
jamasten/Azure,azure,Bicep
jfroy/flatops,kyverno,Kubernetes
joshuaspence/homelab,opa,Kubernetes
jostrm/azure-enterprise-scale-ml,azure,Bicep
jouve/charts,gatekeeper,Kubernetes
jpetazzo/container.training,kyverno,Kubernetes
jpetazzo/container.training,kyverno,Terraform
jpetazzo/container.training,kyverno,Vagrant
jpetazzo/container.training,kyverno,Ansible
jr0dd/home-ops,kyverno,Kubernetes
jr0dd/home-ops,kyverno,Ansible
jr0dd/home-ops,kyverno,Terraform
jsa4000/homelab-ops,kyverno,Kubernetes
jsa4000/homelab-ops,kyverno,Ansible
jsa4000/homelab-ops,kyverno,Terraform
jtroberts83/Cloud-Custodian,cloud-custodian,Terraform
kaapana/kaapana,opa,Ansible
kaapana/kaapana,opa,Kubernetes
kata-containers/kata-containers,opa,Kubernetes
kata-containers/kata-containers,opa,Vagrant
khulnasoft-lab/starboard,opa,Kubernetes
killer-sh/cks-course-environment,gatekeeper,Kubernetes
kokoichi206/til,opa,Terraform
konflux-ci/konflux-ci,kyverno,Kubernetes
konflux-ci/konflux-test,opa,Kubernetes
krnese/AzureDeploy,azure,Azure RM
kube-components-stack/kustomization,kyverno,Kubernetes
kube-tarian/helmrepo-supporting-tools,kyverno,Kubernetes
kubebb/components,kyverno,Kubernetes
kuberise/kuberise.io,kyverno,Kubernetes
kubernetes/k8s.io,opa,Kubernetes
kubernetes/k8s.io,opa,Cloudformation
kubernetes/k8s.io,opa,Terraform
kubescape/regolibrary,opa,Kubernetes
kubesphere/helm-charts,opa,Kubernetes
kubesphere/kubesphere,opa,Kubernetes
kubev2v/forklift,opa,Kubernetes
kubev2v/forklift,opa,Vagrant
kubev2v/forklift,opa,Ansible
kubewarden/rego-policies-library,opa,Kubernetes
kyma-project/test-infra,gatekeeper,Kubernetes
kyma-project/test-infra,gatekeeper,Terraform
kyverno/kyverno-json,kyverno,Kubernetes
kyverno/kyverno-json,kyverno,Terraform
kyverno/policies,kyverno,Kubernetes
labring-actions/cluster-image,kyverno,Kubernetes
lenaxia/home-ops-dev,kyverno,Ansible
lenaxia/home-ops-dev,kyverno,Kubernetes
lenaxia/home-ops-dev,kyverno,Terraform
lenaxia/home-ops-prod,kyverno,Ansible
lenaxia/home-ops-prod,kyverno,Kubernetes
lenaxia/home-ops-prod,kyverno,Terraform
leoviana00/lab-k8s-prep-cks,gatekeeper,Kubernetes
leoviana00/lab-k8s-prep-cks,gatekeeper,Vagrant
lfn-cnti/testsuite,gatekeeper,Kubernetes
likvid-bank/likvid-cloudfoundation,azure,Terraform
likvid-bank/likvid-cloudfoundation,azure,Kubernetes
linkedin/openhouse,opa,Kubernetes
linkedin/openhouse,opa,Terraform
linode/apl-core,kyverno,Kubernetes
litmuschaos/chaos-charts,kyverno,Kubernetes
litmuschaos/litmus,kyverno,Kubernetes
loft-sh/jspolicy,jspolicy,Kubernetes
lsst-it/k8s-cookbook,kyverno,Kubernetes
m9sweeper/m9sweeper,gatekeeper,Kubernetes
magda-io/magda,opa,Kubernetes
martin77s/Azure,azure,Kubernetes
martin77s/Azure,azure,Azure RM
martin77s/Azure,azure,Terraform
marvinbuss/Terraform-LandingZones,azure,Terraform
mathieu-benoit/ci-with-helm,gatekeeper,Kubernetes
mchmarny/s3cme,kyverno,Kubernetes
meshcloud/collie-hub,azure,Terraform
meshery/meshery,opa,Kubernetes
meshery/meshery,opa,Cloudformation
microsoft/Docker-Provider,azure,Kubernetes
microsoft/Docker-Provider,azure,Bicep
microsoft/Docker-Provider,azure,Terraform
microsoft/genaiscript,azure,Bicep
ministryofjustice/analytical-platform,kyverno,Kubernetes
ministryofjustice/analytical-platform,kyverno,Terraform
ministryofjustice/cloud-platform-environments,opa,Terraform
ministryofjustice/cloud-platform-environments,opa,Kubernetes
ministryofjustice/modernisation-platform,opa,Terraform
ministryofjustice/modernisation-platform-environments,opa,Terraform
ministryofjustice/modernisation-platform-environments,opa,Kubernetes
mitodl/ol-infrastructure,cloud-custodian,Vagrant
mitodl/ol-infrastructure,cloud-custodian,Packer
monkslc/hyperpolyglot,opa,Terraform
monkslc/hyperpolyglot,opa,Puppet
monkslc/hyperpolyglot,opa,Salt
mrwulf/home-cluster,kyverno,Kubernetes
mxab/nacp,opa,Terraform
n4vysh/n4vysh.dev,opa,Terraform
nais/aivenator,kyverno,Kubernetes
nakamasato/kubernetes-training,opa,Kubernetes
nakamasato/kubernetes-training,gatekeeper,Kubernetes
neilmfrench/homelab-prod,kyverno,Kubernetes
neilmfrench/homelab-prod,kyverno,Terraform
neilmfrench/homelab-prod,kyverno,Ansible
nerddotdad/truecharts,kyverno,Kubernetes
netscaler/netscaler-k8s-ingress-controller,gatekeeper,Kubernetes
netscaler/netscaler-k8s-ingress-controller,gatekeeper,Terraform
nexodus-io/nexodus,opa,Kubernetes
nexodus-io/nexodus,opa,Ansible
nirmata/kyverno-aws-adapter,kyverno,Kubernetes
nirmata/kyverno-aws-adapter,kyverno,Cloudformation
nirmata/kyverno-charts,kyverno,Kubernetes
nirmata/kyverno-policies,kyverno,Kubernetes
nirmata/kyverno-policies,kyverno,Terraform
nonfx/starchitect-cloudguard,opa,Terraform
noobient/noobuntu,opa,Ansible
nulldriver/cf-cli-resource,opa,Kubernetes
odahu/odahu-flow,opa,Kubernetes
ollionorg/gcp-landing-zone,opa,Terraform
ollionorg/gcp-landing-zone,opa,Kubernetes
ollionorg/gcp-landing-zone,gatekeeper,Terraform
ollionorg/gcp-landing-zone,gatekeeper,Kubernetes
onosproject/onos-helm-charts,opa,Kubernetes
open-cluster-management-io/policy-collection,opa,Kubernetes
open-cluster-management-io/policy-collection,kyverno,Kubernetes
open-cluster-management-io/policy-collection,gatekeeper,Kubernetes
open-policy-agent/contrib,opa,Kubernetes
open-policy-agent/frameworks,opa,Kubernetes
open-policy-agent/frameworks,gatekeeper,Kubernetes
open-policy-agent/gatekeeper,opa,Kubernetes
open-policy-agent/gatekeeper,gatekeeper,Kubernetes
open-policy-agent/gatekeeper-library,opa,Kubernetes
open-policy-agent/gatekeeper-library,gatekeeper,Kubernetes
opendatahub-io-contrib/data-mesh-pattern,opa,Kubernetes
openinfradev/helm-charts,gatekeeper,Kubernetes
openshift-4-compliance/openshift-4-compliance-automation,kyverno,Kubernetes
openshift-4-compliance/openshift-4-compliance-automation,gatekeeper,Kubernetes
openshift/sandboxed-containers-operator,opa,Kubernetes
operate-first/continuous-delivery,opa,Kubernetes
oracle-devrel/cd3-automation-toolkit,opa,Terraform
oracle-devrel/cd3-automation-toolkit,opa,Ansible
osinfra-io/datadog-organization-management,opa,Terraform
osinfra-io/datadog-organization-management,opa,Kubernetes
osnabrugge/home-ops,kyverno,Kubernetes
pagopa/eng-azure-governance,gatekeeper,Terraform
pagopa/eng-azure-governance,gatekeeper,Azure RM
pauldotyu/azure-platform-terraform,azure,Terraform
pauldotyu/azure-platform-terraform,azure,Azure RM
pluralsh/bootstrap,gatekeeper,Kubernetes
pluralsh/bootstrap,gatekeeper,Terraform
pluralsh/plural-helm-charts,kyverno,Kubernetes
portefaix/portefaix-hub,kyverno,Kubernetes
portefaix/portefaix-kubernetes,kyverno,Kubernetes
portefaix/portefaix-policies,opa,Kubernetes
portefaix/portefaix-policies,kyverno,Kubernetes
porter-dev/porter-archive,opa,Kubernetes
porter-dev/porter-archive,opa,Cloudformation
prancer-io/prancer-hello-world,opa,Cloudformation
prefapp/daggerverse,opa,Kubernetes
premisedata/gcp-tutorials,cloud-custodian,Terraform
project-sunbird/sunbird-devops,opa,Ansible
project-sunbird/sunbird-devops,opa,Kubernetes
project-sunbird/sunbird-ed-installer,opa,Kubernetes
project-sunbird/sunbird-ed-installer,opa,Terraform
pulumi/customer-managed-deployment-agent,kyverno,Packer
pulumi/customer-managed-deployment-agent,kyverno,Kubernetes
qbeyond/terraform-azurerm-archetype-lib,azure,Terraform
qbeyond/terraform-azurerm-archetype-lib,azure,Azure RM
qlonik/musical-parakeet,kyverno,Kubernetes
qlonik/musical-parakeet,kyverno,Ansible
raffaelespazzoli/openshift-enablement-exam,kyverno,Kubernetes
raffaelespazzoli/openshift-enablement-exam,kyverno,Ansible
raffaelespazzoli/openshift-enablement-exam,gatekeeper,Kubernetes
raffaelespazzoli/openshift-enablement-exam,gatekeeper,Ansible
rancher/partner-charts,kyverno,Kubernetes
rancher/partner-charts,kyverno,Terraform
ratify-project/ratify,azure,Kubernetes
ratify-project/ratify,azure,Terraform
ratify-project/ratify,opa,Kubernetes
ratify-project/ratify,opa,Terraform
ratify-project/ratify,gatekeeper,Kubernetes
ratify-project/ratify,gatekeeper,Terraform
redhat-cop/gitops-catalog,kyverno,Kubernetes
redhat-cop/rego-policies,opa,Kubernetes
replicatedhq/kURL,opa,Kubernetes
replicatedhq/kots-lint,opa,Kubernetes
rootsongjc/cloud-native-library,opa,Kubernetes
ryan-mcd/gitops-home-cluster,kyverno,Kubernetes
ryan-mcd/gitops-home-cluster,kyverno,Ansible
ryan-mcd/gitops-home-cluster,kyverno,Terraform
samip5/k8s-cluster,kyverno,Kubernetes
samip5/k8s-cluster,kyverno,Ansible
samip5/k8s-cluster,kyverno,Terraform
sapcc/gatekeeper-addons,gatekeeper,Kubernetes
sapcc/helm-charts,opa,Kubernetes
sapcc/helm-charts,gatekeeper,Kubernetes
sighupio/container-signature-enforcer,opa,Kubernetes
sighupio/module-policy,kyverno,Kubernetes
sighupio/module-policy,gatekeeper,Kubernetes
snoopy82481/home_cluster,kyverno,Kubernetes
snoopy82481/home_cluster,kyverno,Terraform
solo-io/hoot,opa,Kubernetes
soulwhisper/homelab-ops,kyverno,Kubernetes
spacelift-io/terraform-starter,opa,Terraform
spiffe/spire,opa,Kubernetes
spiffe/spire-tutorials,opa,Kubernetes
stackabletech/hdfs-utils,opa,Kubernetes
stackabletech/opa-operator,opa,Kubernetes
stacklet/shift-left-foundations-pack,cloud-custodian,Terraform
star3am/hashiqube,hashicorp-sentinel,Vagrant
star3am/hashiqube,hashicorp-sentinel,Terraform
star3am/hashiqube,hashicorp-sentinel,Ansible
star3am/hashiqube,hashicorp-sentinel,Kubernetes
star3am/hashiqube,hashicorp-sentinel,Packer
suse-edge/charts,opa,Kubernetes
suxess-it/kubriX,kyverno,Kubernetes
suxess-it/kubriX,kyverno,Terraform
tenable/terrascan,opa,Kubernetes
tenable/terrascan,opa,Terraform
tenable/terrascan,opa,Cloudformation
terraform-in-action/manning-code,hashicorp-sentinel,Terraform
terraform-in-action/manning-code,hashicorp-sentinel,Cloudformation
terraform-in-action/manning-code,hashicorp-sentinel,Ansible
testifysec/archivista-data-provider,gatekeeper,Kubernetes
teutonet/teutonet-helm-charts,kyverno,Kubernetes
thecasualcoder/dobby,opa,Kubernetes
thibaultserti/kubernetes,kyverno,Kubernetes
thoth-station/thoth-application,opa,Kubernetes
timebertt/kubernetes-controller-sharding,kyverno,Kubernetes
tkestack/charts,opa,Kubernetes
tmaxbi/hyperdata,opa,Kubernetes
tmobile/magtape,opa,Kubernetes
toboshii/home-ops,kyverno,Kubernetes
tparker00/home-ops,kyverno,Kubernetes
trevorbox/service-mesh-patterns,gatekeeper,Kubernetes
trosvald/home-ops,kyverno,Kubernetes
trosvald/home-ops,kyverno,Ansible
trosvald/home-ops,kyverno,Terraform
tuxpeople/k8s-homelab,kyverno,Kubernetes
tvories/k8s-gitops,kyverno,Kubernetes
tvories/k8s-gitops,kyverno,Ansible
tvories/k8s-gitops,kyverno,Packer
tvories/k8s-gitops,kyverno,Terraform
tyconsulting/BlogPosts,azure,Bicep
tyconsulting/BlogPosts,azure,Azure RM
tyconsulting/azurepolicy,azure,Azure RM
tyconsulting/azurepolicy,azure,Bicep
ultra-supara/sisakulint,opa,Terraform
veraison/services,opa,Packer
veraison/services,opa,Cloudformation
vinod827/cloudkit-lab,kyverno,Kubernetes
vinod827/cloudkit-lab,kyverno,Cloudformation
vinod827/cloudkit-lab,kyverno,Terraform
vmware/dod-compliance-and-automation,gatekeeper,Ansible
vmware/dod-compliance-and-automation,gatekeeper,Kubernetes
weaveworks/policy-library,opa,Kubernetes
wunderio/charts,kyverno,Kubernetes
